Stock Code,Name of Listed Securities,Board Lot,Admitted to Central Clearing and Settlement System,Designated Securities eligible for shortselling,Admitted to Stock Options?,Admitted to Stock Futures
00001,CHEUNG KONG,1,000,#,H,O,F
00002,CLP HOLDINGS,500,#,H,O,F
00003,HK & CHINA GAS,1,000,#,H,O,F
00004,WHARF HOLDINGS,1,000,#,H,O,F
00005,HSBC HOLDINGS,400,#,H,O,F
00006,HK ELECTRIC,500,#,H,O,F
00007,KARL THOMSON,2,000,#, , , 
00008,PCCW,1,000,#,H, , 
00009,CHINA MANDARIN,60,000,#, , , 
00010,HANG LUNG GROUP,1,000,#,H, , 
00011,HANG SENG BANK,100,#,H,O,F
00012,HENDERSON LAND,1,000,#,H,O,F
00013,HUTCHISON,1,000,#,H,O,F
00014,HYSAN DEV,1,000,#,H, , 
00015,VANTAGE INT'L,6,000,#, , , 
00016,SHK PPT,1,000,#,H,O,F
00017,NEW WORLD DEV,1,000,#,H,O,F
00018,ORIENTAL PRESS,2,000,#, , , 
00019,SWIRE PACIFIC A,500,#,H,O,F
00020,WHEELOCK,1,000,#,H, , 
00021,WAYTUNG GLOBAL,5,000,#, , , 
00022,MEXAN,40,000,#, , , 
00023,BANK OF E ASIA,200,#,H,O,F
00024,BURWILL,2,000,#,H, , 
00025,CHEVALIER INT'L,2,000,#, , , 
00026,CHINA MOTOR BUS,200,#,H, , 
00027,GALAXY ENT,1,000,#,H, , 
00028,TIAN AN,1,000,#,H, , 
00029,DYNAMIC HOLD,2,000,#, , , 
00030,ABC COM (HOLD),2,000,#, , , 
00031,CHINA AEROSPACE,2,000,#,H, , 
00032,CROSS-HAR(HOLD),1,000,#,H, , 
00033,RAINBOWBROTHERS,2,000,#, , , 
00034,KOWLOON DEV,1,000,#,H, , 
00035,FE CONSORT INTL,1,000,#,H, , 
00036,FE HLDGS INTL,3,000,#, , , 
00037,FE HOTELS,2,000,#, , , 
00038,FIRST TRACTOR,2,000,#,H, , 
00039,BIO-DYNAMIC,2,000,#,H, , 
00040,GOLD PEAK,1,000,#, , , 
00041,GREAT EAGLE H,1,000,#,H, , 
00042,NE ELECTRIC,2,000,#, , , 
00043,C.P. POKPHAND,2,000,#,H, , 
00044,HAECO,400,#,H, , 
00045,HK&S HOTELS,500,#,H, , 
00046,COMPUTER & TECH,2,000,#, , , 
00047,HOP HING GROUP,4,000,#, , , 
00048,EGANAGOLDPFEIL,2,000,#, , , 
00050,HK FERRY (HOLD),1,000,#,H, , 
00051,HARBOUR CENTRE,1,000,#,H, , 
00052,FAIRWOOD HOLD,500,#, , , 
00053,GUOCO GROUP,1,000,#,H, , 
00054,HOPEWELL HOLD,500,#,H, , 
00055,NEWAY GROUP,10,000,#,H, , 
00056,ALLIED PPT (HK),2,000,#,H, , 
00057,CHEN HSONG HOLD,2,000,#, , , 
00058,SUNWAY INT'L,2,000,#, , , 
00059,SKYFAME REALTY,2,000,#, , , 
00060,HK FOOD INV,2,000,#, , , 
00061,NORTH ASIA RES,5,000,#,H, , 
00062,TRANSPORT INT'L,400,#,H, , 
00063,WINFOONG INT'L,1,000,#, , , 
00064,GET NICE,2,000,#,H, , 
00065,DETEAM CO LTD,4,000,#, , , 
00066,MTR CORPORATION,500,#,H,O,F
00067,LUMENA,2,000,#,H, , 
00068,LEE HING,1,000,#, , , 
00069,SHANGRI-LA ASIA,2,000,#,H, , 
00070,NEPTUNE GROUP,10,000,#, , , 
00071,MIRAMAR HOTEL,1,000,#,H, , 
00072,MODERN MEDIA,2,000,#, , , 
00073,ASIAN CITRUS,1,000,#, , , 
00074,GREAT WALL TECH,2,000,#,H, , 
00075,Y.T. REALTY,2,000,#, , , 
00076,SOUTH SEA PETRO,2,000,#, , , 
00077,AMS TRANSPORT,2,000,#, , , 
00078,REGAL INT'L,2,000,#,H, , 
00079,CENTURY LEGEND,4,000,#, , , 
00081,CH OVS G OCEANS,1,000,#, , , 
00082,VODONE,2,000,#,H, , 
00083,SINO LAND,2,000,#,H, , 
00084,STELUX HOLDINGS,1,000,#, , , 
00085,CHINA ELECTRON,2,000,#, , , 
00086,SUN HUNG KAI CO,1,000,#,H, , 
00087,SWIRE PACIFIC B,2,500,#, , , 
00088,TAI CHEUNG HOLD,1,000,#,H, , 
00089,TAI SANG LAND,1,000,#, , , 
00090,AMBER ENERGY,2,000,#, , , 
00091,NEWSMART ENERGY,50,000,#, , , 
00092,CHAMPION TECH,2,000,#,H, , 
00093,TERMBRAY IND,2,000,#, , , 
00094,OMNICORP,2,000,#,H, , 
00095,NEW HERITAGE,4,000,#, , , 
00096,YUSEI,2,000,#, , , 
00097,HENDERSON INV,1,000,#,H, , 
00098,XINGFA ALUM,1,000,#, , , 
00099,WONG'S INT'L,1,000,#, , , 
00100,CLEAR MEDIA,1,000,#, , , 
00101,HANG LUNG PPT,1,000,#,H, , 
00102,ARNHOLD,2,000,#, , , 
00103,SHOUGANG CENT,2,000,#,H, , 
00104,ASIA COMM HOLD,5,000,#, , , 
00105,ASSO INT HOTELS,2,000,#,H, , 
00106,SHENZHEN HI-TEC,4,000,#, , , 
00107,SICHUAN EXPRESS,2,000,#,H, , 
00108,BUILDMORE INT'L,2,000,#, , , 
00109,GOOD FELLOW RES,10,000,#, , , 
00110,CHINA FORTUNE,2,000,#, , , 
00111,CINDA INTL HLDG,2,000,#, , , 
00112,CHI CHEUNG,2,000,#, , , 
00113,DICKSON CONCEPT,500,#,H, , 
00114,HERALD HOLD,5,000,#, , , 
00115,GRAND FIELD GP,10,000,#, , , 
00116,CHOW SANG SANG,1,000,#,H, , 
00117,EYANG HOLDINGS,2,000,#, , , 
00118,COSMOS MACH,2,000,#, , , 
00119,POLY HK INV,1,000,#,H, , 
00120,COSMOPOL INT'L,20,000,#,H, , 
00121,C.P. LOTUS,10,000,#, , , 
00122,CROCODILE,1,000,#, , , 
00123,YUEXIU PROPERTY,2,000,#,H, , 
00124,KINGWAY BREW,2,000,#, , , 
00125,SUN HING VISION,2,000,#, , , 
00126,TAK SING ALLI,2,000,#, , , 
00127,CHINESE EST H,500,#,H, , 
00128,ENM HOLDINGS,4,000,#,H, , 
00129,ASIA STANDARD,2,000,#, , , 
00130,MOISELLE INT'L,2,000,#, , , 
00131,CHEUK NANG HOLD,1,000,#, , , 
00132,CHINA INV HOLD,1,000,#, , , 
00133,CHINA MERCHANTS,2,000,#,H, , 
00135,KUNLUN ENERGY,2,000,#,H, , 
00136,MASCOTTE HOLD,4,000,#, , , 
00137,JINHUI HOLDINGS,1,000,#, , , 
00138,CCT TELECOM,2,000,#, , , 
00139,ICUBE TECH,10,000,#, , , 
00141,GREAT CHINA,2,000,#, , , 
00142,FIRST PACIFIC,2,000,#,H, , 
00143,GLOBAL TECH,2,000,#, , , 
00144,CHINA MER HOLD,2,000,#,H, , 
00145,HK BLDG & LOAN,8,000,#, , , 
00146,TAI PING CARPET,1,000,#, , , 
00147,CHAOYUE GROUP,5,000,#,H, , 
00148,KINGBOARD CHEM,500,#,H, , 
00149,CH AGRI-PROD EX,6,000,#, , , 
00151,WANT WANT CHINA,1,000,#,H, , 
00152,SHENZHEN INT'L,2,500,#,H, , 
00154,BEIJING DEV(HK),1,000,#,H, , 
00155,CHINA SOLAR,10,000,#,H, , 
00156,LIPPO CHINA RES,2,000,#, , , 
00157,NATURAL BEAUTY,10,000,#, , , 
00158,MELBOURNE ENT,500,#, , , 
00159,WAH NAM INT'L,4,000,#,H, , 
00160,HON KWOK LAND,2,000,#, , , 
00161,CATIC SHENZHEN,2,000,#,H, , 
00162,CGD HOLDINGS,2,000,#, , , 
00163,EMPEROR IHL,2,000,#, , , 
00164,CHINA GAMMA,25,000,#, , , 
00165,CHINA EB LTD,2,000,#,H, , 
00166,NEWTIMES ENERGY,2,000,#,H, , 
00167,IDT INT'L,2,000,#, , , 
00168,TSINGTAO BREW,2,000,#,H, , 
00169,HENGLI PPT,2,000,#, , , 
00170,CHINA ASSETS,5,000,#, , , 
00171,SILVER GRANT,2,000,#,H, , 
00172,GOLDBOND GROUP,10,000,#, , , 
00173,K. WAH INT'L,1,000,#,H, , 
00174,GEMINI PPT,2,000,#, , , 
00175,GEELY AUTO,5,000,#,H, , 
00176,UNITED PACIFIC,2,000,#, , , 
00177,JIANGSU EXPRESS,2,000,#,H, , 
00178,SA SA INT'L,2,000,#,H, , 
00179,JOHNSON ELEC H,500,#,H, , 
00180,KADER HOLDINGS,2,000,#, , , 
00181,FUJIAN HOLDINGS,20,000,#, , , 
00182,CHINA WINDPOWER,10,000,#,H, , 
00183,RICHFIELD GP,8,000,#,H, , 
00184,KECK SENG INV,2,000,#, , , 
00185,XPRESS GROUP,10,000,#, , , 
00186,GRANDE HOLDINGS,2,000,#, , , 
00187,BEIREN PRINTING,2,000,#, , , 
00188,SW KINGSWAY,2,000,#, , , 
00189,DONGYUE GROUP,1,000,#, , , 
00190,HKC (HOLDINGS),1,000,#,H, , 
00191,LAI SUN INT'L,1,000,#, , , 
00193,CAPITAL ESTATE,5,000,#, , , 
00194,LIU CHONG HING,2,000,#, , , 
00195,VITAR INT'L,10,000,#, , , 
00196,HONGHUA GROUP,1,000,#,H, , 
00197,HENG TAI,5,000,#,H, , 
00198,SMI CORP,4,000,#,H, , 
00199,ITC PROPERTIES,3,000,#, , , 
00200,MELCO INT'L DEV,1,000,#,H, , 
00201,MAGNIFICENT,2,000,#, , , 
00202,INTERCHINA HOLD,5,000,#, , , 
00204,TEMUJIN INT'L,2,000,#, , , 
00205,SEEC MEDIA,2,000,#, , , 
00206,TSC OFFSHORE,1,000,#, , , 
00207,HK PARKVIEW,2,000,#, , , 
00208,POLYTEC ASSET,5,000,#, , , 
00209,SEWCO INT'L,4,000,#, , , 
00210,DAPHNE INT'L,2,000,#,H, , 
00211,STYLAND HOLD,10,000,#, , , 
00212,NANYANG HOLD,500,#, , , 
00213,NATIONAL ELEC H,2,000,#, , , 
00214,ASIA ORIENT,2,000,#, , , 
00215,HUTCHTEL HK,2,000,#,H, , 
00216,CHINNEY INV,4,000,#, , , 
00217,CHINA CHENGTONG,2,000,#,H, , 
00218,SHENYIN WANGUO,5,000,#,H, , 
00219,SHUN HO TECH,2,000,#, , , 
00220,U-PRESID CHINA,1,000,#,H, , 
00221,PNG RESOURCES,8,000,#, , , 
00222,MIN XIN HOLD,2,000,#, , , 
00223,SRGL,2,000,#, , , 
00224,PIONEER GLOBAL,2,000,#, , , 
00225,POKFULAM,2,000,#, , , 
00226,LIPPO,1,000,#, , , 
00227,FIRST SHANGHAI,8,000,#,H, , 
00228,CHINA ENERGY,2,000,#,H, , 
00229,RAYMOND IND,1,000,#, , , 
00230,MINMETALS LAND,2,000,#,H, , 
00231,MADEX INTL HOLD,20,000,#, , , 
00232,AVIC INT'L,2,000,#,H, , 
00233,MY MEDICARE,10,000,#,H, , 
00234,NEW CENTURY GP,8,000,#, , , 
00235,CHINA STRATEGIC,5,000,#, , , 
00236,SAN MIGUEL HK,2,000,#, , , 
00237,SAFETY GODOWN,2,000,#, , , 
00238,EVERGREEN INT,1,000,#, , , 
00239,PAK FAH YEOW,2,500,#, , , 
00240,BUILD KING HOLD,10,000,#, , , 
00241,CITIC 21CN,2,000,#,H, , 
00242,SHUN TAK HOLD,2,000,#,H, , 
00243,QPL INT'L,1,000,#, , , 
00244,SINCERE,1,000,#, , , 
00245,CHINA SEVENSTAR,10,000,#, , , 
00246,REALGOLD MINING,500,#,H, , 
00247,TST PROPERTIES,2,000,#,H, , 
00248,HKC INT'L HOLD,4,000,#, , , 
00250,SINO-I TECH,10,000,#, , , 
00251,SEA HOLDINGS,2,000,#, , , 
00252,SE ASIA PPT,2,000,#, , , 
00253,SHUN HO RES,2,000,#, , , 
00254,CH OUTDOORMEDIA,5,000,#, , , 
00255,LUNG KEE,2,000,#,H, , 
00256,CHINA HAIDIAN,2,000,#, , , 
00257,CHINA EB INT'L,1,000,#,H, , 
00258,TOMSON GROUP,2,000,#,H, , 
00259,YEEBO (INT'L H),2,000,#, , , 
00260,SINOGAS,10,000,#, , , 
00261,CCT TECH INT'L,80,000,#, , , 
00262,DESON DEV INT'L,5,000,#, , , 
00263,CH YUNNAN-NEW,4,000,#, , , 
00264,CHANCO INT'L,4,000,#, , , 
00265,SOUTH CHINA H,5,000,#, , , 
00266,TIAN TECK LAND,2,000,#, , , 
00267,CITIC PACIFIC,1,000,#,H,O,F
00268,KINGDEE INT'L,2,000,#,H, , 
00269,CHINA TIMBER,100,000,#,H, , 
00270,GUANGDONG INV,2,000,#,H, , 
00271,DAN FORM HOLD,1,000,#, , , 
00272,SHUI ON LAND,500,#,H, , 
00273,WILLIE INT'L,10,000,#, , , 
00274,GLOBAL GREEN,2,000,#, , , 
00275,HANNY HOLDINGS,2,000,#, , , 
00276,MONGOLIA ENERGY,1,000,#, , , 
00277,TERN PROPERTIES,2,000,#, , , 
00278,WAH HA REALTY,2,000,#, , , 
00279,FREEMAN FIN,5,000,#, , , 
00280,KING FOOK HOLD,2,000,#, , , 
00281,RIVERA (HOLD),2,000,#, , , 
00282,NEXT MEDIA,2,000,#, , , 
00283,GOLDIN PPT,2,000,#,H, , 
00285,BYD ELECTRONIC,500,#,H, , 
00286,G-PROP (HOLD),2,000,#, , , 
00287,WINFAIR INV,2,000,#, , , 
00288,COSWAY CORP,5,000,#, , , 
00289,WING ON CO,1,000,#,H, , 
00290,CH FORTUNE GP,2,000,#, , , 
00291,CHINA RESOURCES,2,000,#,H, , 
00292,ASIA STD HOTEL,10,000,#, , , 
00293,CATHAY PAC AIR,1,000,#,H,O,F
00294,YANGTZEKIANG,1,000,#, , , 
00295,KONG SUN HOLD,5,000,#, , , 
00296,EMPEROR E HOTEL,5,000,#, , , 
00297,SINOFERT,2,000,#,H, , 
00298,CHUANG'S CHINA,1,000,#, , , 
00299,SINOCOM SOFT,2,000,#,H, , 
00300,KUNMING MACHINE,2,000,#, , , 
00302,WING HANG BANK,500,#,H, , 
00303,VTECH HOLDINGS,100,#,H, , 
00304,PEACE MARK,2,000,#, , , 
00305,DH WULING AUTO,10,000,#, , , 
00306,KWOON CHUNG BUS,2,000,#, , , 
00307,TIDETIME SUN,4,000,#, , , 
00308,CHINA TRAVEL HK,2,000,#,H, , 
00309,LO'S ENVIRO-PRO,1,000,#, , , 
00310,PROSP INV HOLD,5,000,#, , , 
00311,LUEN THAI,1,000,#, , , 
00312,SHIRBLE STORE,2,000,#, , , 
00313,RICHLY FIELD,10,000,#,H, , 
00315,SMARTONE TELE,500,#,H, , 
00316,OOIL,500,#,H, , 
00317,GUANGZHOU SHIP,2,000,#,H, , 
00318,VONGROUP,5,000,#, , , 
00319,CHINA METAL,2,000,#, , , 
00320,COMPUTIME,2,000,#, , , 
00321,TEXWINCA HOLD,2,000,#,H, , 
00322,TINGYI,2,000,#,H, , 
00323,MAANSHAN IRON,2,000,#,H, , 
00325,TRAUSON HLDGS,1,000,#,H, , 
00326,CHINA STAR ENT,5,000,#, , , 
00327,PAX GLOBAL,1,000,#, , , 
00328,ALCO HOLDINGS,2,000,#, , , 
00329,DRAGONITE INT'L,10,000,#, , , 
00330,ESPRIT HOLDINGS,100,#,H,O,F
00331,PCD STORES,2,000,#,H, , 
00332,NGAI LIK IND,2,000,#, , , 
00333,TOP FORM INT'L,2,000,#, , , 
00334,PROVIEW INT'L,2,000,#, , , 
00335,UPBEST GROUP,2,000,#, , , 
00336,HUABAO INTL,1,000,#,H, , 
00337,SPG LAND,1,000,#,H, , 
00338,SHANGHAI PECHEM,2,000,#,H, , 
00339,EARNEST INV,10,000,#, , , 
00340,CHINA MINING,2,000,#,H, , 
00341,CAFE DE CORAL H,2,000,#,H, , 
00342,NEWOCEAN ENERGY,2,000,#, , , 
00343,CULTURECOM HOLD,5,000,#, , , 
00345,VITASOY INT'L,2,000,#,H, , 
00346,SINOUNIONENERGY,10,000,#,H, , 
00347,ANGANG STEEL,2,000,#,H, , 
00348,LUNG CHEONG,2,000,#,H, , 
00350,JINGWEI TEXTILE,2,000,#, , , 
00351,ASIA ENERGY LOG,10,000,#,H, , 
00352,FORTUNE SUN,2,000,#, , , 
00353,ENERGY INTINV,2,000,#, , , 
00354,CHINASOFT INT'L,10,000,#,H, , 
00355,CENTURY C INT'L,4,000,#,H, , 
00356,INCUTECH INVEST,10,000,#, , , 
00357,MEILAN AIRPORT,1,000,#,H, , 
00358,JIANGXI COPPER,1,000,#,H,O, 
00359,HAISHENG JUICE,4,000,#, , , 
00360,NEW FOCUS AUTO,4,000,#, , , 
00361,SINO GOLF HOLD,2,000,#, , , 
00362,C ZENITH CHEM,10,000,#,H, , 
00363,SHANGHAI IND H,1,000,#,H, , 
00364,HUAFENG GROUP,4,000,#, , , 
00365,SUN EAST TECH,2,000,#, , , 
00366,LUKS GROUP (VN),2,000,#, , , 
00367,CHUANG'S INT'L,4,000,#, , , 
00368,SINOTRANS SHIP,500,#,H, , 
00369,WING TAI PPT,2,000,#,H, , 
00370,CHINA BEST,20,000,#, , , 
00371,BJ ENT WATER,2,000,#, , , 
00372,ITC CORPORATION,2,000,#, , , 
00373,ALLIED GROUP,2,000,#,H, , 
00374,FOUR SEAS MER,2,000,#, , , 
00375,YGM TRADING,1,000,#, , , 
00376,ASIA TELEMEDIA,2,000,#, , , 
00377,NEW ISLAND,4,000,#, , , 
00378,CIAM GROUP,10,000,#, , , 
00379,PME,10,000,#, , , 
00380,CHINA PIPE,20,000,#, , , 
00381,KIU HUNG ENERGY,10,000,#,H, , 
00382,WELLING HOLDING,2,000,#,H, , 
00383,COL CAPITAL,4,000,#, , , 
00384,CHINA GAS HOLD,2,000,#,H, , 
00385,CHINNEY ALLI,10,000,#, , , 
00386,SINOPEC CORP,2,000,#,H,O,F
00387,LEEPORT(HOLD),4,000,#, , , 
00388,HKEX,100,#,H,O,F
00389,TONTINE WINES,2,000,#,H, , 
00390,CHINA RAILWAY,1,000,#,H,O, 
00391,MEI AH ENTER,20,000,#, , , 
00392,BEIJING ENT,500,#,H, , 
00393,GLORIOUS SUN,2,000,#,H, , 
00395,SINO DRAGON,8,000,#, , , 
00396,HING LEE (HK),2,000,#, , , 
00397,C GOGREEN ASSET,20,000,#, , , 
00398,ORIENTAL WATCH,2,000,#, , , 
00399,UNITED GENE GP,10,000,#,H, , 
00402,MONGOLIA INV,2,000,#,H, , 
00403,STARLITE HOLD,2,000,#, , , 
00404,HSIN CHONG CONS,2,000,#, , , 
00406,YAU LEE HOLD,2,000,#, , , 
00408,YIP'S CHEMICAL,2,000,#,H, , 
00410,SOHO CHINA,500,#,H, , 
00411,LAM SOON (HK),1,000,#, , , 
00412,HERITAGE INT'L,5,000,#, , , 
00413,SOUTH CHINA CHI,8,000,#, , , 
00417,TSE SUI LUEN,2,000,#, , , 
00418,FOUNDER HOLD,2,000,#, , , 
00419,MEDIACHINA CORP,50,000,#,H, , 
00420,FOUNTAIN SET,2,000,#, , , 
00421,CDAYENONFER PRE,1,000, , , , 
00422,VMEP HOLDINGS,1,000,#,H, , 
00423,HKET HOLDINGS,2,000,#, , , 
00425,MINTH GROUP,2,000,#,H, , 
00426,ONE MEDIA GROUP,2,000,#, , , 
00428,HARMONY ASSET,2,000,#, , , 
00430,ORIENTAL EXPL,2,000,#, , , 
00431,G CHINA HOLD,4,000,#, , , 
00432,PCPD,1,000,#, , , 
00433,NORTH MINING,10,000,#, , , 
00438,IRICO,2,000,#, , , 
00439,CLIMAX INT'L,8,000,#, , , 
00440,DAH SING,400,#,H, , 
00444,SINCEREWATCH HK,3,000,#, , , 
00445,CHINA FIRE,5,000,#, , , 
00448,HANG TEN GROUP,2,000,#,H, , 
00449,CHIGO HOLDING,2,000,#,H, , 
00450,HUNG HING PRINT,2,000,#, , , 
00451,SAME TIME HOLD,2,000,#, , , 
00455,YUNNAN ENTER,2,000,#, , , 
00456,NEW CITY(CHINA),2,000,#, , , 
00458,TRISTATE HOLD,1,000,#, , , 
00459,MIDLAND IC&I,10,000,#, , , 
00460,SIHUAN PHARM,1,000,#, , , 
00462,NATURAL DAIRY,4,000,#, , , 
00464,KENFORD GROUP,4,000,#, , , 
00465,FUTONG TECH,2,000,#, , , 
00467,UNITEDENERGY GP,2,000,#,H, , 
00468,GAPACK,1,000,#, , , 
00469,CAPXON INT'L,4,000,#, , , 
00471,CMMB VISION,2,500,#, , , 
00472,JLF INVESTMENT,10,000,#, , , 
00474,HAO TIAN RES GP,4,000,#,H, , 
00475,NOBLE JEWELRY,2,000,#, , , 
00476,SINOCOP RES,10,000,#, , , 
00477,AUPU GROUP HLDG,4,000,#,H, , 
00479,CIL HOLDINGS,100,000,#, , , 
00480,HKR INT'L,800,#,H, , 
00482,SANDMARTIN INTL,2,000,#, , , 
00483,BAUHAUS INT'L,2,000,#, , , 
00485,STARLIGHT INT'L,10,000,#, , , 
00486,RUSAL-1000,1,000,#,H, , 
00487,SUCCESSUNIVERSE,4,000,#, , , 
00488,LAI SUN DEV,1,000,#,H, , 
00489,DONGFENG GROUP,2,000,#,H, , 
00491,SEE CORPORATION,4,000,#, , , 
00493,GOME,1,000,#,H, , 
00494,LI & FUNG,2,000,#,H,O,F
00495,PALADIN,5,000,#, , , 
00496,KASEN,1,000,#,H, , 
00497,CSI PROPERTIES,10,000,#,H, , 
00498,PYI CORP,2,000,#,H, , 
00499,HYCOMM WIRELESS,2,000,#, , , 
00500,DVN (HOLDINGS),1,000,#, , , 
00502,PAN SINO INT'L,5,000,#, , , 
00503,LANSEN PHARMA,1,000,#,H, , 
00505,XINGYE COPPER,1,000,#,H, , 
00506,CHINA FOODS,2,000,#,H, , 
00508,CHEVALIER PAC,5,000,#,H, , 
00509,SUNSHINE,5,000,#, , , 
00510,CASH FIN SER GP,6,000,#, , , 
00511,TVB,1,000,#,H, , 
00512,CHINAGRANDPHARM,20,000,#, , , 
00513,CONTINENTAL H,10,000,#, , , 
00515,TC INTERCONNECT,2,000,#, , , 
00516,PYXIS GROUP,2,000,#, , , 
00517,COSCO INTL HOLD,2,000,#,H, , 
00518,TUNGTEX (HOLD),2,000,#, , , 
00519,APPLIED DEV,5,000,#, , , 
00521,SHOUGANG TECH,2,000,#, , , 
00522,ASM PACIFIC,100,#,H, , 
00524,E-KONG GROUP,10,000,#, , , 
00525,GUANGSHEN RAIL,2,000,#,H, , 
00526,LISI GP HOLD,2,000,#, , , 
00527,CHINA RUIFENG,4,000,#,H, , 
00528,KINGDOM HOLDING,2,000,#, , , 
00529,SIS INT'L,2,000,#, , , 
00530,GOLDIN FIN HOLD,10,000,#, , , 
00531,SAMSON HOLDING,1,000,#, , , 
00532,WKK INTL (HOLD),2,000,#, , , 
00533,GOLDLION HOLD,1,000,#, , , 
00535,FRASERS PPT,2,000,#, , , 
00536,TRADELINK,2,000,#, , , 
00538,AJISEN (CHINA),1,000,#,H, , 
00539,VICTORY CITY,2,000,#,H, , 
00542,MORNING STAR,2,000,#, , , 
00543,PACIFIC ONLINE,1,000,#, , , 
00544,DAIDO GROUP,20,000,#, , , 
00546,FUFENG GROUP,2,000,#,H, , 
00547,SUN INNOVATION,10,000,#,H, , 
00548,SHENZHENEXPRESS,2,000,#,H, , 
00549,QIFENG FIBER,2,000,#, , , 
00550,RECRUIT,6,000,#, , , 
00551,YUE YUEN IND,500,#,H, , 
00552,CHINACOMSERVICE,2,000,#,H, , 
00553,NANJING PANDA,2,000,#, , , 
00554,HANS ENERGY,2,000,#, , , 
00555,REXLOT HOLDINGS,25,000,#,H, , 
00556,PAN ASIA ENVIRO,2,000,#, , , 
00557,CITY E-SOLUTION,2,000,#, , , 
00558,LK TECH,2,500,#,H, , 
00559,HUA YI COPPER,10,000,#, , , 
00560,CHU KONG SHIP,2,000,#, , , 
00563,SH IND URBAN,2,000,#, , , 
00565,ART TEXTILE,5,000,#, , , 
00566,APOLLO SOLAR EN,2,000,#, , , 
00567,DAISHOMICROLINE,2,000,#, , , 
00568,SHANDONG MOLONG,400,#,H, , 
00569,CH AUTOMATION,1,000,#,H, , 
00570,WINTEAM PHARMA,2,000,#,H, , 
00571,ESUN HOLDINGS,2,000,#, , , 
00572,CHINA PACKAGING,2,000,#, , , 
00573,TAO HEUNG HLDGS,1,000,#,H, , 
00575,REGENT PACIFIC,10,000,#, , , 
00576,ZHEJIANGEXPRESS,2,000,#,H, , 
00577,PAUL Y. ENG,2,000,#, , , 
00578,DYNAMIC ENERGY,10,000,#, , , 
00580,SUN.KING ELEC,2,000,#, , , 
00581,CHINA ORIENTAL,2,000,#,H, , 
00582,GREENFIELD CHEM,5,000,#, , , 
00583,SCMP GROUP,2,000,#, , , 
00585,IMAGI INT'L,8,000,#, , , 
00587,HUA HAN,4,000,#,H, , 
00588,BEIJING N STAR,2,000,#,H, , 
00589,PORTS,500,#,H, , 
00590,LUK FOOK HOLD,2,000,#,H, , 
00591,C HIGHPRECISION,1,000,#,H, , 
00592,BOSSINI INT'L,2,000,#, , , 
00593,QUALITY HEALTH,2,000,#, , , 
00595,AV CONCEPT HOLD,2,000,#, , , 
00596,INSPUR INT'L,5,000,#,H, , 
00597,CHINA RES MICRO,5,000,#, , , 
00598,SINOTRANS,1,000,#,H, , 
00599,E. BON HOLDINGS,2,000,#, , , 
00600,CHINA INFRA INV,2,000,#, , , 
00601,GROUP SENSE,2,000,#, , , 
00602,JIAHUA STORES H,2,500,#, , , 
00603,CHINA OIL & GAS,20,000,#,H, , 
00604,SHENZHEN INVEST,2,000,#,H, , 
00605,KPI COMPANY,2,000,#, , , 
00606,CHINA AGRI,1,000,#,H, , 
00607,WARDERLY,2,500,#, , , 
00608,HIGH FASHION,2,000,#, , , 
00609,TIANDE CHEMICAL,4,000,#, , , 
00610,WAI KEE HOLD,2,000,#, , , 
00611,TACK HSIN HOLD,2,000,#, , , 
00612,CHINA INV FUND,4,000,#, , , 
00613,YUGANG INT'L,2,000,#, , , 
00616,EASYKNIT ENT,2,000,#, , , 
00617,PALIBURG HOLD,2,000,#, , , 
00618,EC-FOUNDER,2,000,#, , , 
00619,SOUTH CHINA FIN,50,000,#, , , 
00620,UDL HOLDINGS,40,000,#, , , 
00621,WING HING INT'L,10,000,#, , , 
00622,ENERCHINA HOLD,3,000,#, , , 
00623,SINOMEDIA,1,000,#,H, , 
00626,PUBLIC FIN HOLD,2,000,#,H, , 
00627,U-RIGHT INT'L,2,000,#, , , 
00628,DORE HOLDINGS,8,000,#, , , 
00629,YUE DA MINING,1,000,#, , , 
00630,GUOJIN RES,2,000,#, , , 
00631,SANY INT'L,1,000,#,H, , 
00632,PEARL ORIENTAL,1,000,#, , , 
00633,CH ALL ACCESS,2,000,#,H, , 
00635,PLAYMATES,2,000,#, , , 
00636,FUBON BK (HK),2,000,#,H, , 
00637,LEE KEE,2,000,#, , , 
00638,KIN YAT HOLD,2,000,#, , , 
00639,FUSHAN ENERGY,2,000,#,H, , 
00640,INFINITY CHEM,4,000,#, , , 
00641,FONG'S IND,2,000,#, , , 
00642,PALADIN PREF,10,000,#, , , 
00643,CARRY WEALTH,2,000,#, , , 
00645,KTP HOLDINGS,2,000,#, , , 
00646,YARDWAY,8,000,#, , , 
00647,JOYCE BOUTIQUE,2,000,#, , , 
00648,CHINA RENJI,2,000,#, , , 
00650,SHUN CHEONG,10,000,#, , , 
00651,CHI O SHIPBLDG,5,000,#, , , 
00653,BONJOUR HOLD,2,000,#,H, , 
00655,HK CHINESE LTD,2,000,#, , , 
00656,FOSUN INTL,500,#,H, , 
00657,G-VISION INT'L,2,000,#, , , 
00658,C TRANSMISSION,1,000,#,H, , 
00659,NWS HOLDINGS,1,000,#,H, , 
00660,WAI CHUN MINING,10,000,#, , , 
00661,CDAYENONFER,2,000,#,H, , 
00662,ASIA FINANCIAL,2,000,#,H, , 
00663,KING STONE ENGY,20,000,#,H, , 
00665,HAITONG INT'L,2,000,#, , , 
00666,SHK HK IND,20,000,#, , , 
00667,HANNSTAR BOARD,2,000,#,H, , 
00668,DOXEN ENERGY,2,000,#, , , 
00669,TECHTRONIC IND,500,#,H, , 
00670,CHINA EAST AIR,2,000,#,H, , 
00672,ZHONGAN REALEST,1,000,#,H, , 
00673,CHINA HEALTH,3,000,#, , , 
00674,CULTURELANDMARK,4,000,#, , , 
00675,K & P INT'L,2,000,#, , , 
00676,PEGASUS INT'L,2,000,#, , , 
00677,GOLDEN RES DEV,2,000,#, , , 
00678,GENTING HK,1,000,#,H, , 
00679,ASIA TELE-NET,10,000,#, , , 
00680,NAN HAI CORP,50,000,#, , , 
00681,CHI PEOPLE HOLD,2,000,#, , , 
00682,CHAODA MODERN,2,000,#,H, , 
00683,KERRY PPT,500,#,H, , 
00684,ALLAN INT'L,2,000,#, , , 
00685,MEDIA CHINESE,1,000,#, , , 
00686,TIME INFRA HOLD,2,000,#, , , 
00687,TYSAN HOLDINGS,2,000,#, , , 
00688,CHINA OVERSEAS,2,000,#,H,O, 
00689,EPI (HOLDINGS),20,000,#,H, , 
00690,UNI-BIO GROUP,10,000,#, , , 
00691,SHANSHUI CEMENT,1,000,#,H, , 
00692,BAO YUAN HOLD,10,000,#, , , 
00693,TAN CHONG INT'L,3,000,#,H, , 
00694,BEIJING AIRPORT,2,000,#,H, , 
00696,TRAVELSKY TECH,1,000,#,H, , 
00697,SHOUGANG INT'L,2,000,#,H, , 
00698,TONGDA GROUP,10,000,#,H, , 
00700,TENCENT,100,#,H,O, 
00701,CNT GROUP,2,000,#, , , 
00702,SINO OIL & GAS,5,000,#,H, , 
00703,FUTURE BRIGHT,6,000,#, , , 
00704,HUSCOKE RES,2,000,#,H, , 
00705,CVM MINERALS,4,000,#, , , 
00706,FINTRONICS,10,000,#, , , 
00707,CO-PROSPERITY,2,000,#, , , 
00708,NEW MEDIA,5,000,#, , , 
00709,GIORDANO INT'L,2,000,#,H, , 
00710,VARITRONIX INTL,1,000,#, , , 
00711,CHUN WO DEV,2,000,#, , , 
00712,COMTEC SOLAR,2,000,#,H, , 
00713,WORLD HOUSEWARE,2,000,#, , , 
00715,HUTCH HARB RING,2,000,#, , , 
00716,SINGAMAS CONT,2,000,#, , , 
00717,EMPEROR CAPITAL,6,000,#, , , 
00718,BESTWAY INT'L,5,000,#, , , 
00719,SHANDONG XINHUA,2,000,#, , , 
00720,WO KEE HONG,12,500,#, , , 
00721,C FIN INT INV,10,000,#, , , 
00723,SUSTAIN FOREST,7,500,#,H, , 
00724,SINO-TECH INT'L,10,000,#,H, , 
00725,PERENNIAL INT'L,2,000,#, , , 
00726,SOUTH EAST GP,2,000,#, , , 
00727,VXL CAPITAL,10,000,#, , , 
00728,CHINA TELECOM,2,000,#,H,O,F
00729,THUNDER SKY,20,000,#, , , 
00730,SHOUGANG GRAND,1,000,#, , , 
00731,SAMSON PAPER,2,000,#, , , 
00732,TRULY INT'L,2,000,#,H, , 
00733,HOPEFLUENT,2,000,#,H, , 
00735,C P NEW ENERGY,20,000,#,H, , 
00736,CHINA PPT INV,1,000,#, , , 
00737,HOPEWELL INFRA,500,#,H, , 
00738,LE SAUNDA HOLD,2,000,#,H, , 
00739,ZHEJIANG GLASS,1,000,#, , , 
00743,ASIA CEMENT CH,500,#,H, , 
00745,CH RAILSMEDIA,2,000,#, , , 
00746,L & M HOLDING,2,000,#,H, , 
00747,SHENYANG PUBLIC,2,000,#, , , 
00750,SINGYES SOLAR,2,000,#,H, , 
00751,SKYWORTHDIGITAL,2,000,#,H, , 
00752,PICO FAR EAST,2,000,#, , , 
00753,AIR CHINA,2,000,#,H, , 
00754,HOPSON DEV HOLD,2,000,#,H, , 
00755,SHANGHAI ZENDAI,5,000,#,H, , 
00756,TIANYI FRUIT,4,000,#, , , 
00757,SOLARGIGA,1,000,#,H, , 
00758,JUNEFIELD GROUP,2,000,#, , , 
00759,CEC INT'L HOLD,2,000,#, , , 
00760,TOMORROW INT'L,15,000,#, , , 
00761,BEL GLOBAL RES,2,000,#, , , 
00762,CHINA UNICOM,2,000,#,H,O,F
00763,ZTE,200,#,H, , 
00764,ETERNITY INV,2,000,#, , , 
00765,PERFECTECH INTL,2,000,#, , , 
00766,SINO PROSPER SG,10,000,#, , , 
00767,PACIFIC PLYWOOD,20,000,#, , , 
00768,UBA INVESTMENTS,2,000,#, , , 
00769,CHINA RAREEARTH,2,000,#,H, , 
00770,SHANGHAI GROWTH,1,000, , , , 
00771,AUTOMATED SYS,2,000,#, , , 
00773,CH METAL RECYCL,600,#,H, , 
00775,CKLIFE SCIENCES,2,000,#,H, , 
00776,JF FURNISHINGS,5,000,#, , , 
00777,NETDRAGON,500,#, , , 
00789,ARTINI,1,000,#, , , 
00794,COME SURE GROUP,2,000,#, , , 
00800,A8 DIGITALMUSIC,2,000,#,H, , 
00801,GOLDEN MEDITECH,4,000,#,H, , 
00802,RCG,1,000,#, , , 
00803,PROSPERITY INTL,20,000,#,H, , 
00806,VALUE PARTNERS,1,000,#,H, , 
00809,GLOBAL BIO-CHEM,2,000,#,H, , 
00810,OPES ASIA,10,000,#, , , 
00811,XINHUA WINSHARE,1,000,#,H, , 
00812,TANRICH,2,000,#, , , 
00813,SHIMAO PROPERTY,500,#,H, , 
00814,JINGKELONG,1,000,#,H, , 
00817,FRANSHION PPT,2,000,#,H, , 
00818,HI SUN TECH,3,000,#,H, , 
00819,TIANNENG POWER,2,000,#,H, , 
00821,VC HOLDINGS,4,000,#, , , 
00822,KA SHUI INT'L,2,000,#, , , 
00825,NWDS CHINA,1,000,#,H, , 
00826,TIANGONG INT'L,1,000,#, , , 
00827,KO YO GROUP,20,000,#, , , 
00828,DYNASTY WINES,2,000,#,H, , 
00829,SHENGUAN HLDGS,2,000,#, , , 
00830,FAR EAST GLOBAL,2,000,#,H, , 
00832,CENTRAL CHINA,1,000,#, , , 
00833,ALLTRONICS,1,000,#, , , 
00834,KANGDA FOOD,4,000,#, , , 
00835,ASIA COAL,10,000,#, , , 
00836,CHINA RES POWER,2,000,#,H, , 
00837,CARPENTER TAN,2,000,#,H, , 
00838,EVA HOLDINGS,2,000,#, , , 
00839,TIANDA OIL PIPE,1,000,#, , , 
00840,TIANYE WATER,2,000,#, , , 
00841,CASSAVA RES,2,000,#, , , 
00842,LEOCH INT'L,1,000,#, , , 
00845,GLORIOUS PPT H,1,000,#,H, , 
00846,MINGFA GROUP,1,000,#,H, , 
00848,MAOYE INT'L,1,000,#,H, , 
00850,PETROASIAN,4,000,#,H, , 
00851,SHENG YUAN HLDG,10,000,#, , , 
00852,STRONG PETRO,2,000,#, , , 
00853,MICROPORT,1,000,#, , , 
00855,CHINA WATER,2,000,#,H, , 
00856,VST HOLDINGS,2,000,#, , , 
00857,PETROCHINA,2,000,#,H,O,F
00858,EXTRAWELL PHAR,10,000,#,H, , 
00859,HENRY GROUP,2,000,#, , , 
00860,MING FUNG JEWEL,10,000,#,H, , 
00861,DIGITAL CHINA,1,000,#, , , 
00862,VISION VALUES,4,000,#, , , 
00865,FIRST MOBILE,4,000,#, , , 
00866,CHINA QINFA,2,000,#,H, , 
00867,CMS,800,#, , , 
00868,XINYI GLASS,2,000,#,H, , 
00869,PLAYMATES TOYS,4,000,#, , , 
00870,HANG FUNG GOLD,2,000,#, , , 
00872,JH AUTO SAFETY,2,000,#, , , 
00873,INT'L TAIFENG,2,000,#, , , 
00874,GUANGZHOU PHAR,2,000,#,H, , 
00875,EVER FORTUNE,4,000,#, , , 
00876,WING LEE HOLD,2,000,#, , , 
00877,O-NET COMM GP,1,000,#,H, , 
00878,SOUNDWILL HOLD,2,000,#, , , 
00880,SJM HOLDINGS,1,000,#, , , 
00881,ZHONGSHENG HLDG,500,#,H, , 
00882,TIANJIN DEV,2,000,#,H, , 
00883,CNOOC,1,000,#,H,O,F
00885,FOREFRONT GROUP,10,000,#, , , 
00886,SILVER BASE,1,000,#,H, , 
00887,EMPEROR WATCH&J,10,000,#,H, , 
00888,ROADSHOW,2,000,#, , , 
00889,DATRONIX HOLD,2,000,#, , , 
00891,TRINITY,2,000,#, , , 
00893,CHINAVTM MINING,1,000,#,H, , 
00894,MAN YUE INT'L,2,000,#, , , 
00895,DONGJIANG ENV,2,000,#, , , 
00896,HANISON,2,000,#, , , 
00897,WAI YUEN TONG,10,000,#, , , 
00898,MULTIFIELD INTL,2,000,#, , , 
00899,ASIA RESOURCES,10,000,#, , , 
00900,AEON CREDIT,2,000,#, , , 
00901,RADFORD CAPITAL,20,000,#, , , 
00902,HUANENG POWER,2,000,#,H,O,F
00903,TPV TECHNOLOGY,2,000,#,H, , 
00904,CHINA GREEN,3,000,#,H, , 
00905,MASTERMIND CAP,80,000,#, , , 
00906,COFCO PACKAGING,1,000,#,H, , 
00907,ELEGANCE INT'L,2,000,#, , , 
00908,JIUZHOU DEV,2,000,#, , , 
00909,ZHONGDA INT'L,2,000,#, , , 
00910,CH GRAND FOREST,2,000,#,H, , 
00912,SUGA INT'L,2,000,#, , , 
00913,UNITY INV-NEW,10,000,#, , , 
00914,ANHUI CONCH,2,000,#,H, , 
00915,LINMARK GROUP,2,000,#, , , 
00916,CHINA LONGYUAN,1,000,#,H, , 
00917,NEW WORLD CHINA,2,000,#,H, , 
00918,TAKSON HOLDINGS,2,000,#, , , 
00919,MODERN BEAUTY,4,000,#, , , 
00921,HISENSE KELON,1,000,#, , , 
00922,CHINA BOON HLDG,20,000,#, , , 
00923,FOOK WOO GROUP,2,000,#,H, , 
00925,BJ PROPERTIES,2,000,#, , , 
00926,BESUNYEN,1,000,#, , , 
00927,FUJIKON IND,2,000,#, , , 
00928,TACK FAT GROUP,800,#, , , 
00929,IPE GROUP,5,000,#, , , 
00930,CHINA FORESTRY,2,000,#,H, , 
00931,ARTEL GROUP,5,000,#,H, , 
00933,BRIGHTOIL,1,000,#, , , 
00934,SINOPEC KANTONS,2,000,#, , , 
00936,MANTA HOLDINGS,5,000,#, , , 
00938,MAN SANG INT'L,2,000,#, , , 
00939,CCB,1,000,#,H,O,F
00940,C ANIMAL HEALTH,1,000,#, , , 
00941,CHINA MOBILE,500,#,H,O,F
00943,EFORCE HOLDINGS,2,000,#, , , 
00945,MANULIFE,100,#, , , 
00946,HONTEX INT'L,1,000,#, , , 
00947,MOBI DEV,1,000,#,H, , 
00948,Z-OBEE,2,000,#,H, , 
00950,LEE'S PHARM,5,000,#, , , 
00951,CHAOWEI POWER,1,000,#,H, , 
00952,QUAM,10,000,#, , , 
00953,MEIKE INT'L,2,000,#,H, , 
00955,SCHRAMM,80,#, , , 
00956,CHINA SUNTIEN,1,000,#, , , 
00959,AMAX HLDGS,2,000,#, , , 
00960,LONGFOR PPT,500,#,H, , 
00963,BLOOMAGE BIOTEC,2,500,#, , , 
00966,CHINA TAIPING,200,#,H, , 
00967,SOUND GLOBAL,1,000,#, , , 
00968,LITTLE SHEEP,1,000,#,H, , 
00969,HUA LIEN INT'L,2,000,#, , , 
00970,SPARKLE ROLL,8,000,#,H, , 
00973,L'OCCITANE,250,#,H, , 
00975,MONGOL MINING,500,#,H, , 
00976,CHIHO-TIANDE,2,000,#, , , 
00978,TONIC IND-NEW,2,000,#, , , 
00979,GREEN ENERGY GP,2,000,#, , , 
00980,LIANHUA,1,000,#,H, , 
00981,SMIC,1,000,#,H, , 
00982,IONE HOLDINGS,20,000,#, , , 
00983,SHUI ON CONS,2,000,#,H, , 
00984,AEON STORES,2,000,#, , , 
00985,CST MINING,8,000,#, , , 
00986,NAM HING,2,000,#, , , 
00987,HK ENERGY HOLD,2,000,#, , , 
00988,LOUDONG GN RES,3,000,#, , , 
00989,CHINA MOTION,1,000,#, , , 
00990,THEME INT'L,10,000,#,H, , 
00991,DATANG POWER,2,000,#,H, , 
00992,LENOVO GROUP,2,000,#,H, , 
00993,SIMSEN INT'L,2,000,#, , , 
00995,ANHUIEXPRESSWAY,2,000,#,H, , 
00996,ORIENTAL GINZA,1,000,#,H, , 
00997,DECCA HOLDINGS,2,000,#, , , 
00998,CITIC BANK,1,000,#,H,O, 
00999,I.T,2,000,#,H, , 
01000,BEIJING MEDIA,500,#, , , 
01001,VAN SHUNG CHONG,2,000,#, , , 
01002,V.S. INT'L,4,000,#, , , 
01003,21 HOLDINGS-NEW,10,000,#, , , 
01004,RISING DEV HOLD,2,000,#, , , 
01005,MATRIX HOLDINGS,2,000,#, , , 
01006,CHINA CORN OIL,1,000,#,H, , 
01007,GLOBAL DAIRY,1,000,#, , , 
01008,CT HOLDINGS,2,000,#, , , 
01009,INT'L ENT,2,000,#, , , 
01010,PACMOS TECH,2,000,#, , , 
01013,WAI CHUN GROUP,2,000,#, , , 
01019,CONVOY,2,000,#, , , 
01020,SINOREF HLDGS,4,000,#, , , 
01021,MIDAS HOLDINGS,1,000,#, , , 
01026,UNIVERSAL TECH,10,000,#, , , 
01029,IRC,2,000,#, , , 
01031,GOLDEN RESORTS,2,000,#,H, , 
01033,YIZHENG CHEM,2,000,#,H, , 
01036,WINSOR PPT HOLD,1,000,#, , , 
01037,DAIWA ASSOCIATE,2,000,#, , , 
01038,CKI HOLDINGS,1,000,#,H, , 
01039,CHANGFENG AXLE,1,000,#,H, , 
01041,FULBOND HOLDING,2,000,#, , , 
01043,COSLIGHT TECH,2,000,#,H, , 
01044,HENGAN INT'L,500,#,H, , 
01045,APT SATELLITE,500,#, , , 
01046,UNIVERSE INT'L,5,000,#, , , 
01047,NGAI HING HONG,2,000,#, , , 
01048,NOVO GROUP,1,000,#, , , 
01049,CELESTIAL ASIA,6,000,#, , , 
01050,KARRIE INT'L,2,000,#, , , 
01051,G-RESOURCES,3,000,#, , , 
01052,GZI TRANSPORT,2,000,#,H, , 
01053,CHONGQING IRON,2,000,#,H, , 
01055,CHINA SOUTH AIR,2,000,#,H, , 
01058,GUANGDONG TANN,2,000,#, , , 
01059,KANTONE HOLDING,30,000,#, , , 
01060,CHINAVISION,10,000,#,H, , 
01062,NEW CAPITAL,10,000,#, , , 
01063,SUNCORP TECH,4,000,#, , , 
01064,ZHONG HUA INT'L,5,000,#, , , 
01065,TIANJIN CAPITAL,2,000,#,H, , 
01066,WEIGAO GROUP,4,000,#,H, , 
01068,YURUN FOOD,1,000,#,H, , 
01070,TCL MULTIMEDIA,2,000,#, , , 
01071,HUADIAN POWER,2,000,#,H, , 
01072,DONGFANG ELEC,200,#,H, , 
01073,CHINA AGROTECH,2,000,#, , , 
01076,FIRST NATURAL,5,000,#, , , 
01079,PINE TECH,2,000,#, , , 
01080,SHENGLI PIPE,1,500,#, , , 
01083,TOWNGAS CHINA,1,000,#,H, , 
01085,HXTL,2,000,#, , , 
01086,GOODBABY INTL,1,000,#, , , 
01087,HL TECHNOLOGY,1,000,#, , , 
01088,CHINA SHENHUA,500,#,H,O, 
01090,DA MING INT'L,2,000,#, , , 
01091,CITIC DAMENG,1,000,#, , , 
01093,CHINA PHARMA,2,000,#,H, , 
01094,C P PROCUREMENT,4,000,#,H, , 
01097,I-CABLE COMM,1,000,#, , , 
01098,ROAD KING INFRA,1,000,#,H, , 
01099,SINOPHARM,400,#,H, , 
01100,MAINLAND HOLD,2,000,#, , , 
01101,CH RONGSHENG,500,#, , , 
01102,ENVIRO ENERGY,2,000,#, , , 
01104,APAC RESOURCES,20,000,#,H, , 
01105,SING TAO,2,000,#, , , 
01108,LUOYANG GLASS,2,000,#, , , 
01109,CHINA RES LAND,2,000,#,H, , 
01110,KINGWORLD,4,000,#, , , 
01111,CHONG HING BANK,1,000,#,H, , 
01112,BIOSTIME,500,#, , , 
01114,BRILLIANCE CHI,2,000,#,H, , 
01116,MAYER HOLDINGS,4,000,#, , , 
01117,CH MODERN D,1,000,#, , , 
01118,GOLIK HOLDINGS,10,000,#, , , 
01120,ARTS OPTICAL,2,000,#, , , 
01122,QINGLING MOTORS,2,000,#,H, , 
01123,CHINA-HK PHOTO,2,000,#, , , 
01124,COASTAL GL,2,000,#, , , 
01125,LAI FUNG HOLD,1,000,#, , , 
01126,DREAM INT'L,2,000,#, , , 
01128,WYNN MACAU,400,#,H, , 
01129,WATER INDUSTRY,4,000,#, , , 
01130,CHINA ENV RES,20,000,#, , , 
01131,AGRITRADE RES,5,000,#, , , 
01132,ORANGE SKY G H,5,000,#,H, , 
01133,HARBIN POWER,2,000,#,H, , 
01135,ASIA SATELLITE,500,#, , , 
01136,TCC INT'L HOLD,2,000,#, , , 
01137,CITY TELECOM,1,000,#,H, , 
01138,CHINA SHIP DEV,2,000,#,H, , 
01139,VICTORY GROUP,8,000,#, , , 
01140,OP FIN INV,4,000,#, , , 
01141,BJ YUSHENGTANG,8,000,#, , , 
01142,SIBERIAN MINING,10,000,#, , , 
01149,ANXIN-CHINA,4,000,#, , , 
01155,CENTRON TELECOM,1,000,#,H, , 
01157,ZOOMLION,200,#, , , 
01159,KARCE INTL HOLD,4,000,#, , , 
01160,GRAND INV INTL,100,000,#, , , 
01161,WATER OASIS GP,2,000,#, , , 
01163,DEJIN RES,2,000,#,H, , 
01164,VITAL GROUP,5,000,#, , , 
01166,SOLARTECH INT'L,10,000,#, , , 
01168,SINOLINK HOLD,2,000,#,H, , 
01169,HAIER ELEC,1,000,#,H, , 
01170,KINGMAKER,2,000,#,H, , 
01171,YANZHOU COAL,2,000,#,H,O, 
01172,MIDAS INT'L,2,000,#, , , 
01173,VEEKO INT'L,20,000,#, , , 
01174,PACIFIC ANDES,2,000,#,H, , 
01175,FU JI CATERING,1,000,#, , , 
01176,ZHUGUANG HOLD,2,000,#,H, , 
01177,SINO BIOPHARM,4,000,#,H, , 
01178,VITOP BIOENERGY,10,000,#, , , 
01180,PARADISE ENT,20,000,#, , , 
01182,C Y FOUNDATION,5,000,#, , , 
01184,S.A.S. DRAGON,2,000,#, , , 
01185,CHINA ENERGINE,2,000,#,H, , 
01186,CHINA RAIL CONS,500,#,H,O, 
01187,PEARLRIVER TYRE,2,000,#, , , 
01188,HYBRID KINETIC,2,000,#, , , 
01189,ROSEDALE HOTEL,10,000,#, , , 
01191,YUESHOU ENV,2,000,#, , , 
01192,TITAN PETROCHEM,20,000,#,H, , 
01193,CHINA RES GAS,2,000,#,H, , 
01194,C PRECIOUSMETAL,2,000,#,H, , 
01195,KINGWELL GROUP,4,000,#, , , 
01196,CHEONG MING INV,2,000,#, , , 
01198,ROYALE FURN,2,000,#, , , 
01199,COSCO PACIFIC,2,000,#,H, , 
01200,MIDLAND HOLDING,2,000,#,H, , 
01201,KITH HOLDINGS,2,000,#, , , 
01202,CHENGDU PUTIAN,2,000,#, , , 
01203,GUANGNAN (HOLD),2,000,#,H, , 
01205,CITIC RESOURCES,2,000,#,H, , 
01207,SRE GROUP,2,000,#,H, , 
01208,MIN RESOURCES,4,000,#,H, , 
01211,BYD COMPANY,500,#,H,O, 
01212,LIFESTYLE INT'L,500,#,H, , 
01213,MOBICON GROUP,2,000,#, , , 
01215,KAI YUAN HLDGS,20,000,#, , , 
01217,CH INNOVATION,8,000,#, , , 
01218,EASYKNIT INT'L,1,000,#, , , 
01220,OCEAN GRAND,2,000,#, , , 
01221,SINO HOTELS,2,000,#, , , 
01222,WANG ON GROUP,20,000,#, , , 
01223,SYMPHONY HOLD,2,000,#, , , 
01224,C C LAND,1,000,#,H, , 
01225,LERADO GROUP,2,000,#, , , 
01226,GARRON INT'L,4,000,#, , , 
01227,NATIONAL INV,10,000,#, , , 
01228,SUPERB SUMMIT,5,000,#,H, , 
01229,CHINA SONANGOL,2,000,#, , , 
01230,YASHILI INT'L,1,000,#, , , 
01234,CHINA LILANG,1,000,#,H, , 
01238,POWERLONG,1,000,#,H, , 
01278,CHINANEWTOWN,2,500,#, , , 
01280,HUIYIN APP,2,000,#,H, , 
01282,WWTT,4,000,#, , , 
01288,ABC,1,000,#,H,O, 
01299,AIA,200,#,H,O, 
01308,SITC,1,000,#, , , 
01313,CHINARES CEMENT,2,000,#,H, , 
01318,GREENS HOLDINGS,2,000,#,H, , 
01328,INT'L ELITE,10,000,#, , , 
01333,CHINA ZHONGWANG,400,#,H, , 
01338,BAWANG GROUP,2,000,#,H, , 
01361,361 DEGREES,1,000,#,H, , 
01368,XTEP INT'L,500,#,H, , 
01382,PACIFICTEXTILES,1,000,#,H, , 
01383,HONG LONG HLDGS,2,000,#, , , 
01386,WALKER GROUP,1,000,#, , , 
01387,RENHE COMM,2,000,#,H, , 
01388,EMBRY HOLDINGS,1,000,#, , , 
01393,HIDILI INDUSTRY,1,000,#,H, , 
01398,ICBC,1,000,#,H,O,F
01399,SCUD GROUP,2,000,#, , , 
01428,BRIGHT SMART,2,000,#, , , 
01555,MIE HOLDINGS,2,000,#, , , 
01600,TIAN LUN GAS,1,500,#, , , 
01618,MCC,1,000,#,H, , 
01628,YUZHOU PPT,1,000,#,H, , 
01633,MAGIC HOLDINGS,1,000,#,H, , 
01638,KAISA GROUP,1,000,#,H, , 
01666,TONG REN TANG,1,000,#, , , 
01668,CHINASOUTHCITY,2,000,#,H, , 
01682,FORD GLORY GP,4,000,#, , , 
01683,IMM,500,#,H, , 
01685,BOER POWER,1,000,#, , , 
01688,ALIBABA,500,#,H, , 
01698,BOSHIWA INT'L,1,000,#, , , 
01700,SPRINGLAND,1,000,#, , , 
01708,SAMPLE TECH,1,000,#, , , 
01717,AUSNUTRIA,1,000,#,H, , 
01728,ZHENGTONGAUTO,500,#, , , 
01733,WINSWAY,1,000,#, , , 
01766,CSR,1,000,#,H, , 
01768,SATERI,500,#, , , 
01777,FANTASIA,1,500,#,H, , 
01788,GUOTAI JUNAN I,1,000,#,H, , 
01798,DATANG RENEW,1,000,#, , , 
01800,CHINA COMM CONS,1,000,#,H,O,F
01808,TAI-I INT'L,2,000,#, , , 
01812,CHENMING PAPER,500,#,H, , 
01813,KWG PROPERTY,500,#,H, , 
01818,ZHAOJIN MINING,500,#,H, , 
01823,HUAYUEXPRESSWAY,2,000,#, , , 
01828,DCH HOLDINGS,1,000,#,H, , 
01831,SHIFANG HLDG,1,000,#, , , 
01833,INTIME,1,000,#,H, , 
01836,STELLA HOLDINGS,500,#,H, , 
01838,CHINAPROPERTIES,1,000,#, , , 
01863,SIJIA GROUP,1,000,#,H, , 
01866,CHINA XLX FERT,1,000,#,H, , 
01868,NEO-NEON,500,#,H, , 
01878,SOUTHGOBI,50,#, , , 
01880,BELLE INT'L,1,000,#,H, , 
01882,HAITIAN INT'L,1,000,#,H, , 
01883,CITIC TELECOM,1,000,#,H, , 
01886,HUIYUAN JUICE,500,#,H, , 
01888,KB LAMINATES,500,#,H, , 
01889,WUYI PHARMA,2,500,#,H, , 
01893,SINOMA,1,000,#,H, , 
01898,CHINA COAL,1,000,#,H,O, 
01899,XINGDA INT'L,1,000,#,H, , 
01900,CHINA ITS,1,000,#, , , 
01918,SUNAC,1,000,#, , , 
01919,CHINA COSCO,500,#,H,O, 
01928,SANDS CHINA LTD,400,#,H, , 
01938,CHU KONG PIPE,1,000,#,H, , 
01966,CHINA SCE PPT,1,000,#,H, , 
01968,PEAK SPORT,1,000,#,H, , 
01988,MINSHENG BANK,500,#,H, , 
01991,TA YANG GROUP,2,000,#, , , 
01997,RMIH,2,000,#, , , 
01998,FLYKE INT'L,2,000,#,H, , 
01999,MAN WAH HLDGS,400,#,H, , 
02000,SIM TECH,2,000,#,H, , 
02002,SUNSHINE PAPER,500,#, , , 
02005,LIJUN INT'L,5,000,#,H, , 
02006,JINJIANG HOTELS,2,000,#,H, , 
02007,COUNTRY GARDEN,1,000,#,H, , 
02008,PHOENIX TV,2,000,#,H, , 
02009,BBMG,500,#,H, , 
02010,RUINIAN INT'L,1,000,#,H, , 
02018,AAC ACOUSTIC,2,000,#,H, , 
02020,ANTA SPORTS,1,000,#,H, , 
02028,JOLIMARK,2,000,#, , , 
02038,FIH,1,000,#,H,O,F
02088,XIWANG SUGAR,2,000,#,H, , 
02099,CHINAGOLDINTL,100,#, , , 
02118,TIAN SHAN DEV,2,000,#, , , 
02128,CHINA LIANSU,1,000,#,H, , 
02168,YINGDE GASES,500,#,H, , 
02188,TITANS ENERGY,2,000,#, , , 
02198,CHINA SANJIANG,1,000,#,H, , 
02208,GOLDWIND,200,#,H, , 
02222,NVC LIGHTING,1,000,#,H, , 
02228,COSTIN NEW MAT,1,000,#,H, , 
02233,WESTCHINACEMENT,2,000,#,H, , 
02238,GAC GROUP,2,000,#,H, , 
02266,KOSMO HOTELS,1,000,#, , , 
02268,YOUYUAN HLDGS,1,000,#, , , 
02288,SUNDART INT'L,1,000,#,H, , 
02300,AMVIG HOLDINGS,2,000,#, , , 
02302,CNNC INT'L,1,000,#, , , 
02307,KAM HING INT'L,2,000,#, , , 
02308,EVOC,4,000,#, , , 
02309,BIRMINGHAM INTL,2,000,#, , , 
02310,KWANG SUNG ELEC,2,000,#, , , 
02312,CH FIN LEASING,15,000,#, , , 
02313,SHENZHOU INTL,1,000,#,H, , 
02314,LEE & MAN PAPER,1,000,#,H, , 
02317,VEDAN INT'L,4,000,#, , , 
02318,PING AN,500,#,H,O,F
02319,MENGNIU DAIRY,1,000,#,H, , 
02320,HOP FUNG GROUP,2,000,#, , , 
02322,SAM WOO,10,000,#, , , 
02323,TOPSEARCH INT'L,2,000,#, , , 
02324,CAPITAL VC,10,000,#, , , 
02326,BEP INT'L HOLD,6,000,#, , , 
02327,JIWA BIO-PHARM,6,000,#, , , 
02328,PICC P&C,2,000,#,H,O,F
02330,CHINA UPTOWN,4,000,#, , , 
02331,LI NING,500,#,H, , 
02333,GREATWALL MOTOR,500,#,H, , 
02336,SUNLINK INT'L,4,000,#, , , 
02337,FORTE LAND,2,000,#,H, , 
02338,WEICHAI POWER,1,000,#,H, , 
02339,NORSTAR,4,000,#, , , 
02340,SYNERGIS HOLD,4,000,#, , , 
02341,ECOGREEN,2,000,#, , , 
02342,COMBA,500,#,H, , 
02343,PACIFIC BASIN,1,000,#,H, , 
02345,SHANGHAI PRIME,2,000,#,H, , 
02348,DAWNRAYS PHARMA,4,000,#, , , 
02349,WATER PROPERTY,4,000,#,H, , 
02355,BAOYE GROUP,2,000,#,H, , 
02356,DAHSING BANKING,400,#,H, , 
02357,AVICHINA,4,000,#,H, , 
02358,MITSUMARU HOLD,2,000,#, , , 
02362,MACAU INV HOLD,1,000,#, , , 
02366,QJY MEDIA,2,000,#, , , 
02368,EAGLE NICE,2,000,#,H, , 
02369,CHINA WIRELESS,4,000,#, , , 
02371,ZZNODE TECH,4,000,#, , , 
02378,PRU,500,#, , , 
02379,ZHONGTIAN INT'L,5,000,#, , , 
02380,CHINA POWER,1,000,#,H, , 
02382,SUNNY OPTICAL,1,000,#,H, , 
02383,TOM GROUP,2,000,#, , , 
02388,BOC HONG KONG,500,#,H,O,F
02389,GENVON GROUP,12,000,#, , , 
02398,GOOD FRIEND,2,000,#, , , 
02468,TRONY SOLAR,1,000,#, , , 
02600,CHALCO,2,000,#,H,O,F
02601,CPIC,200,#,H,O, 
02618,TCL COMM,1,000,#, , , 
02626,HNC,2,000,#,H, , 
02628,CHINA LIFE,1,000,#,H,O,F
02662,FITTEC,2,000,#, , , 
02668,PAK TAK INT'L,4,000,#, , , 
02678,TEXHONG TEXTILE,2,000,#, , , 
02688,ENN ENERGY,2,000,#,H, , 
02689,ND PAPER,1,000,#,H, , 
02698,WEIQIAO TEXTILE,500,#,H, , 
02700,SMART UNION GP,2,000,#, , , 
02722,CHONGQING M&E,2,000,#,H, , 
02727,SH ELECTRIC,2,000,#,H, , 
02728,SHINHINT,4,000,#, , , 
02777,R&F PROPERTIES,400,#,H,O, 
02788,YORKEY OPTICAL,2,000,#, , , 
02866,CSCL,1,000,#,H, , 
02868,BJ CAPITAL LAND,2,000,#,H, , 
02877,SHINEWAY PHARM,1,000,#,H, , 
02878,SOLOMON SYSTECH,2,000,#,H, , 
02880,DALIAN PORT,2,000,#,H, , 
02882,HKRH,4,000,#,H, , 
02883,CHINA OILFIELD,2,000,#,H, , 
02888,STANCHART,50,#,H, , 
02889,CNR HOLDINGS,2,000,#, , , 
02898,LONGRUN TEA,10,000,#, , , 
02899,ZIJIN MINING,2,000,#,H,O, 
02947,CH YUNNAN-OLD,400,#, , , 
02953,UNITY INV-OLD,500,#, , , 
02958,21 HOLDINGS-OLD,1,000,#, , , 
02959,TONIC IND-OLD,200,#, , , 
02961,RUSAL-6000,6,000,#,H, , 
02962,DRAGONITE INT'L,50,#, , , 
02963,NEW ISLAND,20,000,#, , , 
02964,21 HOLDINGS RTS,10,000,#, , , 
02965,CASH FIN SER GP,10,000,#, , , 
03300,CHINA GLASS,2,000,#, , , 
03303,JUTAL OIL SER,2,000,#, , , 
03308,GOLDEN EAGLE,1,000,#,H, , 
03311,CHINA STATE CON,2,000,#,H, , 
03318,CHINA FLAVORS,2,000,#, , , 
03322,WIN HANVERKY,2,000,#, , , 
03323,CNBM,2,000,#,H, , 
03328,BANKCOMM,1,000,#,H,O,F
03330,LINGBAO GOLD,2,000,#,H, , 
03331,VINDA INT'L,1,000,#,H, , 
03333,EVERGRANDE,1,000,#,H, , 
03335,DBA TELECOM,4,000,#, , , 
03336,JU TENG INTL,2,000,#,H, , 
03337,ANTON OILFIELD,2,000,#, , , 
03339,LONKING,1,000,#,H, , 
03344,ADDCHANCE,2,000,#, , , 
03355,ASMC,2,000,#, , , 
03366,OCT (ASIA),2,000,#,H, , 
03368,PARKSON GROUP,500,#,H, , 
03377,SINO-OCEAN LAND,500,#,H, , 
03378,XIAMEN PORT,2,000,#,H, , 
03382,TIANJINPORT DEV,2,000,#,H, , 
03383,AGILE PROPERTY,2,000,#,H, , 
03389,HENGDELI,4,000,#,H, , 
03393,WASION GROUP,2,000,#,H, , 
03398,CHINA TING,2,000,#, , , 
03399,GD NY LOGISTICS,1,000,#, , , 
03618,CQRC BANK,1,000,#, , , 
03683,GREAT HARVEST,2,500,#, , , 
03800,GCL-POLY ENERGY,1,000,#, , , 
03808,SINOTRUK,500,#,H, , 
03813,POU SHENG INT'L,1,000,#,H, , 
03818,CHINA DONGXIANG,1,000,#,H, , 
03823,TECH PRO,2,000,#, , , 
03828,MING FAI INT'L,1,000,#,H, , 
03833,XINXIN MINING,1,000,#,H, , 
03838,CHINA STARCH,5,000,#,H, , 
03868,QX PAPER,1,000,#, , , 
03883,CHINA AOYUAN,1,000,#,H, , 
03886,TOWN HEALTH,4,000,#,H, , 
03888,KINGSOFT,1,000,#,H, , 
03889,GLOBAL SWEET,2,000,#,H, , 
03898,CSR TIMES ELEC,1,000,#,H, , 
03899,CIMC ENRIC,2,000,#, , , 
03900,GREENTOWN CHINA,500,#, , , 
03918,NAGACORP,2,000,#, , , 
03928,ZHENGZHOU GAS,1,000,#, , , 
03933,UNITED LAB,2,000,#,H, , 
03938,SAMLING GLOBAL,2,000,#, , , 
03968,CM BANK,500,#,H,O,F
03983,CHINA BLUECHEM,2,000,#,H, , 
03988,BANK OF CHINA,1,000,#,H,O,F
03989,NEW ENV ENERGY,2,000,#, , , 
03993,CMOC,1,000,#,H, , 
03998,BOSIDENG,2,000,#,H, , 
03999,DACHAN FOOD,1,000,#, , , 
06210,VALE COMMON-DRS,50,#, , , 
06230,VALE PREF-DRS,50,#, , , 